Workbook

Sheet Mode d'emploi
A1: Fiche de retours des testeurs : plateforme NIMOVA (recette)
A2: EGUITRA GROUP SARLU et MB AxisPro · E-VOLUTION XP
A4: Comment remplir
A5: Une ligne par remarque, dans l'onglet Retours. Choisissez le compte, l'application, le type et la gravité dans les listes ; copiez l'adresse de l'écran depuis la barre d'adresse du navigateur.
A6: Décrivez ce que vous avez fait, ce que vous attendiez et ce qui s'est passé : c'est ce qui permet de reproduire et de corriger.
A7: Capture d'écran : Windows + Maj + S, puis enregistrez-la et indiquez son nom dans la colonne prévue.
A9: Types
A10: Anomalie : quelque chose ne marche pas. Amélioration : cela marche mais pourrait mieux faire. Manque : une fonction attendue n'existe pas. Question : un point à éclaircir.
A11: Gravité : Bloquant (impossible de continuer), Gênant, Mineur.
A13: Envoi
A14: Envoyez la fiche à la direction en fin de semaine. Un point bloquant se signale tout de suite, par téléphone ou par message.
A15: Les colonnes vertes foncées (réponse, statut) sont remplies par E-VOLUTION XP.

Sheet Retours
A1: N° | B1: Date | C1: Compte | D1: Application | E1: Écran (adresse) | F1: Type | G1: Ce que j'ai fait | H1: Ce que j'attendais | I1: Ce qui s'est passé | J1: Gravité | K1: Capture (nom du fichier) | L1: Réponse d'E-VOLUTION XP | M1: Statut | N1: Date de traitement
A2: 1
A3: 2
A4: 3
A5: 4
A6: 5
A7: 6
A8: 7
A9: 8
A10: 9
A11: 10
A12: 11
A13: 12
... A301: 300

Sheet Synthèse
A1: Synthèse des retours
A3: Type | B3: Total | C3: Bloquant | D3: Gênant | E3: Mineur | F3: Traités
A4: Anomalie | B4: =COUNTIF(Retours!$F$2:$F$301,A4) | C4: =COUNTIFS(Retours!$F$2:$F$301,A4,Retours!$J$2:$J$301,"Bloquant") | D4: =COUNTIFS(Retours!$F$2:$F$301,A4,Retours!$J$2:$J$301,"Gênant") | E4: =COUNTIFS(Retours!$F$2:$F$301,A4,Retours!$J$2:$J$301,"Mineur") | F4: =COUNTIFS(Retours!$F$2:$F$301,A4,Retours!$M$2:$M$301,"Corrigé en recette")+COUNTIFS(Retours!$F$2:$F$301,A4,Retours!$M$2:$M$301,"Mis en production")
A5: Amélioration | B5: =COUNTIF(Retours!$F$2:$F$301,A5) | C5: =COUNTIFS(Retours!$F$2:$F$301,A5,Retours!$J$2:$J$301,"Bloquant") | D5: =COUNTIFS(Retours!$F$2:$F$301,A5,Retours!$J$2:$J$301,"Gênant") | E5: =COUNTIFS(Retours!$F$2:$F$301,A5,Retours!$J$2:$J$301,"Mineur") | F5: =COUNTIFS(Retours!$F$2:$F$301,A5,Retours!$M$2:$M$301,"Corrigé en recette")+COUNTIFS(Retours!$F$2:$F$301,A5,Retours!$M$2:$M$301,"Mis en production")
A6: Manque | B6: =COUNTIF(Retours!$F$2:$F$301,A6) | C6: =COUNTIFS(Retours!$F$2:$F$301,A6,Retours!$J$2:$J$301,"Bloquant") | D6: =COUNTIFS(Retours!$F$2:$F$301,A6,Retours!$J$2:$J$301,"Gênant") | E6: =COUNTIFS(Retours!$F$2:$F$301,A6,Retours!$J$2:$J$301,"Mineur") | F6: =COUNTIFS(Retours!$F$2:$F$301,A6,Retours!$M$2:$M$301,"Corrigé en recette")+COUNTIFS(Retours!$F$2:$F$301,A6,Retours!$M$2:$M$301,"Mis en production")
A7: Question | B7: =COUNTIF(Retours!$F$2:$F$301,A7) | C7: =COUNTIFS(Retours!$F$2:$F$301,A7,Retours!$J$2:$J$301,"Bloquant") | D7: =COUNTIFS(Retours!$F$2:$F$301,A7,Retours!$J$2:$J$301,"Gênant") | E7: =COUNTIFS(Retours!$F$2:$F$301,A7,Retours!$J$2:$J$301,"Mineur") | F7: =COUNTIFS(Retours!$F$2:$F$301,A7,Retours!$M$2:$M$301,"Corrigé en recette")+COUNTIFS(Retours!$F$2:$F$301,A7,Retours!$M$2:$M$301,"Mis en production")
A9: Application | B9: Total | C9: Bloquant | D9: Gênant | E9: Mineur | F9: Traités
A10: Finance | B10: =COUNTIF(Retours!$D$2:$D$301,A10) | C10: =COUNTIFS(Retours!$D$2:$D$301,A10,Retours!$J$2:$J$301,"Bloquant") | D10: =COUNTIFS(Retours!$D$2:$D$301,A10,Retours!$J$2:$J$301,"Gênant") | E10: =COUNTIFS(Retours!$D$2:$D$301,A10,Retours!$J$2:$J$301,"Mineur") | F10: =COUNTIFS(Retours!$D$2:$D$301,A10,Retours!$M$2:$M$301,"Corrigé en recette")+COUNTIFS(Retours!$D$2:$D$301,A10,Retours!$M$2:$M$301,"Mis en production")
A11: AxisPro | B11: =COUNTIF(Retours!$D$2:$D$301,A11) | C11: =COUNTIFS(Retours!$D$2:$D$301,A11,Retours!$J$2:$J$301,"Bloquant") | D11: =COUNTIFS(Retours!$D$2:$D$301,A11,Retours!$J$2:$J$301,"Gênant") | E11: =COUNTIFS(Retours!$D$2:$D$301,A11,Retours!$J$2:$J$301,"Mineur") | F11: =COUNTIFS(Retours!$D$2:$D$301,A11,Retours!$M$2:$M$301,"Corrigé en recette")+COUNTIFS(Retours!$D$2:$D$301,A11,Retours!$M$2:$M$301,"Mis en production")
A12: Rotations | B12: =COUNTIF(Retours!$D$2:$D$301,A12) | C12: =COUNTIFS(Retours!$D$2:$D$301,A12,Retours!$J$2:$J$301,"Bloquant") | D12: =COUNTIFS(Retours!$D$2:$D$301,A12,Retours!$J$2:$J$301,"Gênant") | E12: =COUNTIFS(Retours!$D$2:$D$301,A12,Retours!$J$2:$J$301,"Mineur") | F12: =COUNTIFS(Retours!$D$2:$D$301,A12,Retours!$M$2:$M$301,"Corrigé en recette")+COUNTIFS(Retours!$D$2:$D$301,A12,Retours!$M$2:$M$301,"Mis en production")
A13: Portail | B13: =COUNTIF(Retours!$D$2:$D$301,A13) | C13: =COUNTIFS(Retours!$D$2:$D$301,A13,Retours!$J$2:$J$301,"Bloquant") | D13: =COUNTIFS(Retours!$D$2:$D$301,A13,Retours!$J$2:$J$301,"Gênant") | E13: =COUNTIFS(Retours!$D$2:$D$301,A13,Retours!$J$2:$J$301,"Mineur") | F13: =COUNTIFS(Retours!$D$2:$D$301,A13,Retours!$M$2:$M$301,"Corrigé en recette")+COUNTIFS(Retours!$D$2:$D$301,A13,Retours!$M$2:$M$301,"Mis en production")
A14: Connexion | B14: =COUNTIF(Retours!$D$2:$D$301,A14) | C14: =COUNTIFS(Retours!$D$2:$D$301,A14,Retours!$J$2:$J$301,"Bloquant") | D14: =COUNTIFS(Retours!$D$2:$D$301,A14,Retours!$J$2:$J$301,"Gênant") | E14: =COUNTIFS(Retours!$D$2:$D$301,A14,Retours!$J$2:$J$301,"Mineur") | F14: =COUNTIFS(Retours!$D$2:$D$301,A14,Retours!$M$2:$M$301,"Corrigé en recette")+COUNTIFS(Retours!$D$2:$D$301,A14,Retours!$M$2:$M$301,"Mis en production")
A16: Compte | B16: Total | C16: Bloquant | D16: Gênant | E16: Mineur | F16: Traités
A17: test.dg | B17: =COUNTIF(Retours!$C$2:$C$301,A17) | C17: =COUNTIFS(Retours!$C$2:$C$301,A17,Retours!$J$2:$J$301,"Bloquant") | D17: =COUNTIFS(Retours!$C$2:$C$301,A17,Retours!$J$2:$J$301,"Gênant") | E17: =COUNTIFS(Retours!$C$2:$C$301,A17,Retours!$J$2:$J$301,"Mineur") | F17: =COUNTIFS(Retours!$C$2:$C$301,A17,Retours!$M$2:$M$301,"Corrigé en recette")+COUNTIFS(Retours!$C$2:$C$301,A17,Retours!$M$2:$M$301,"Mis en production")
A18: test.daf | B18: =COUNTIF(Retours!$C$2:$C$301,A18) | C18: =COUNTIFS(Retours!$C$2:$C$301,A18,Retours!$J$2:$J$301,"Bloquant") | D18: =COUNTIFS(Retours!$C$2:$C$301,A18,Retours!$J$2:$J$301,"Gênant") | E18: =COUNTIFS(Retours!$C$2:$C$301,A18,Retours!$J$2:$J$301,"Mineur") | F18: =COUNTIFS(Retours!$C$2:$C$301,A18,Retours!$M$2:$M$301,"Corrigé en recette")+COUNTIFS(Retours!$C$2:$C$301,A18,Retours!$M$2:$M$301,"Mis en production")
A19: test.comptable | B19: =COUNTIF(Retours!$C$2:$C$301,A19) | C19: =COUNTIFS(Retours!$C$2:$C$301,A19,Retours!$J$2:$J$301,"Bloquant") | D19: =COUNTIFS(Retours!$C$2:$C$301,A19,Retours!$J$2:$J$301,"Gênant") | E19: =COUNTIFS(Retours!$C$2:$C$301,A19,Retours!$J$2:$J$301,"Mineur") | F19: =COUNTIFS(Retours!$C$2:$C$301,A19,Retours!$M$2:$M$301,"Corrigé en recette")+COUNTIFS(Retours!$C$2:$C$301,A19,Retours!$M$2:$M$301,"Mis en production")
A20: test.exploitation | B20: =COUNTIF(Retours!$C$2:$C$301,A20) | C20: =COUNTIFS(Retours!$C$2:$C$301,A20,Retours!$J$2:$J$301,"Bloquant") | D20: =COUNTIFS(Retours!$C$2:$C$301,A20,Retours!$J$2:$J$301,"Gênant") | E20: =COUNTIFS(Retours!$C$2:$C$301,A20,Retours!$J$2:$J$301,"Mineur") | F20: =COUNTIFS(Retours!$C$2:$C$301,A20,Retours!$M$2:$M$301,"Corrigé en recette")+COUNTIFS(Retours!$C$2:$C$301,A20,Retours!$M$2:$M$301,"Mis en production")
A21: test.parc | B21: =COUNTIF(Retours!$C$2:$C$301,A21) | C21: =COUNTIFS(Retours!$C$2:$C$301,A21,Retours!$J$2:$J$301,"Bloquant") | D21: =COUNTIFS(Retours!$C$2:$C$301,A21,Retours!$J$2:$J$301,"Gênant") | E21: =COUNTIFS(Retours!$C$2:$C$301,A21,Retours!$J$2:$J$301,"Mineur") | F21: =COUNTIFS(Retours!$C$2:$C$301,A21,Retours!$M$2:$M$301,"Corrigé en recette")+COUNTIFS(Retours!$C$2:$C$301,A21,Retours!$M$2:$M$301,"Mis en production")
A22: test.chantiers | B22: =COUNTIF(Retours!$C$2:$C$301,A22) | C22: =COUNTIFS(Retours!$C$2:$C$301,A22,Retours!$J$2:$J$301,"Bloquant") | D22: =COUNTIFS(Retours!$C$2:$C$301,A22,Retours!$J$2:$J$301,"Gênant") | E22: =COUNTIFS(Retours!$C$2:$C$301,A22,Retours!$J$2:$J$301,"Mineur") | F22: =COUNTIFS(Retours!$C$2:$C$301,A22,Retours!$M$2:$M$301,"Corrigé en recette")+COUNTIFS(Retours!$C$2:$C$301,A22,Retours!$M$2:$M$301,"Mis en production")
A23: test.immobilier | B23: =COUNTIF(Retours!$C$2:$C$301,A23) | C23: =COUNTIFS(Retours!$C$2:$C$301,A23,Retours!$J$2:$J$301,"Bloquant") | D23: =COUNTIFS(Retours!$C$2:$C$301,A23,Retours!$J$2:$J$301,"Gênant") | E23: =COUNTIFS(Retours!$C$2:$C$301,A23,Retours!$J$2:$J$301,"Mineur") | F23: =COUNTIFS(Retours!$C$2:$C$301,A23,Retours!$M$2:$M$301,"Corrigé en recette")+COUNTIFS(Retours!$C$2:$C$301,A23,Retours!$M$2:$M$301,"Mis en production")
A24: test.consultant | B24: =COUNTIF(Retours!$C$2:$C$301,A24) | C24: =COUNTIFS(Retours!$C$2:$C$301,A24,Retours!$J$2:$J$301,"Bloquant") | D24: =COUNTIFS(Retours!$C$2:$C$301,A24,Retours!$J$2:$J$301,"Gênant") | E24: =COUNTIFS(Retours!$C$2:$C$301,A24,Retours!$J$2:$J$301,"Mineur") | F24: =COUNTIFS(Retours!$C$2:$C$301,A24,Retours!$M$2:$M$301,"Corrigé en recette")+COUNTIFS(Retours!$C$2:$C$301,A24,Retours!$M$2:$M$301,"Mis en production")
A25: test.admin | B25: =COUNTIF(Retours!$C$2:$C$301,A25) | C25: =COUNTIFS(Retours!$C$2:$C$301,A25,Retours!$J$2:$J$301,"Bloquant") | D25: =COUNTIFS(Retours!$C$2:$C$301,A25,Retours!$J$2:$J$301,"Gênant") | E25: =COUNTIFS(Retours!$C$2:$C$301,A25,Retours!$J$2:$J$301,"Mineur") | F25: =COUNTIFS(Retours!$C$2:$C$301,A25,Retours!$M$2:$M$301,"Corrigé en recette")+COUNTIFS(Retours!$C$2:$C$301,A25,Retours!$M$2:$M$301,"Mis en production")
A26: test.porteur | B26: =COUNTIF(Retours!$C$2:$C$301,A26) | C26: =COUNTIFS(Retours!$C$2:$C$301,A26,Retours!$J$2:$J$301,"Bloquant") | D26: =COUNTIFS(Retours!$C$2:$C$301,A26,Retours!$J$2:$J$301,"Gênant") | E26: =COUNTIFS(Retours!$C$2:$C$301,A26,Retours!$J$2:$J$301,"Mineur") | F26: =COUNTIFS(Retours!$C$2:$C$301,A26,Retours!$M$2:$M$301,"Corrigé en recette")+COUNTIFS(Retours!$C$2:$C$301,A26,Retours!$M$2:$M$301,"Mis en production")
